Time,Sensor1,Sensor2,Sensor3
58266380,5.004000186920166,0.51705002784729,8.67300033569336
58187738,4.9870500564575195,0.4900500178337097,8.67495059967041
58109088,5.004000186920166,0.4210500121116638,8.695050239562988
58030442,4.990050315856934,0.45705002546310425,8.66295051574707
57951795,5.0209503173828125,0.37995001673698425,8.659049987792969
57873149,4.990050315856934,0.39900001883506775,8.668050765991211
57794496,4.963050365447998,0.4069500267505646,8.842950820922852
57715844,4.99500036239624,0.3829500079154968,8.818950653076172
57637198,5.011050224304199,0.4039500057697296,8.722949981689453
57558549,5.050050258636475,0.49500003457069397,8.587050437927246
57479907,4.972950458526611,0.3040500283241272,8.644050598144531
57401262,4.819950103759766,0.10005000233650208,8.874000549316406
57322624,4.876950263977051,0.4639500081539154,8.601000785827637
57243981,4.860000133514404,0.5740500092506409,8.635050773620605
57165343,4.591950416564941,0.31800001859664917,8.9170503616333
57086704,4.374000072479248,0.7080000042915344,9.123000144958496
57008064,4.410000324249268,0.6270000338554382,9.010950088500977
56929421,4.23105001449585,0.9019500613212585,8.890950202941895
56850782,4.129950046539307,1.0810500383377075,9.303000450134277
56772139,4.8319501876831055,0.1579500138759613,8.814000129699707
56693493,3.249000072479248,1.075950026512146,9.672000885009766
56614851,3.948000192642212,1.4590500593185425,9.396000862121582
56536205,4.2430500984191895,1.5460500717163086,8.515049934387207
56457565,3.724950075149536,1.440000057220459,8.93595027923584
56378928,3.567000150680542,1.5460500717163086,9.787050247192383
56300284,3.514050245285034,1.2250500917434692,8.788050651550293
56221640,3.759000062942505,1.4710500240325928,9.292950630187988
56142999,3.751950263977051,1.6680001020431519,9.163949966430664
56064356,3.450000047683716,1.7130000591278076,8.932050704956055
55985715,3.8520002365112305,2.0050501823425293,9.268950462341309
55907075,3.450000047683716,2.0680501461029053,9.516000747680664
55828436,3.7639501094818115,1.6320000886917114,9.219000816345215
55749793,3.7080001831054688,1.9360500574111938,9.034950256347656
55671150,3.9019501209259033,2.386050224304199,9.351000785827637
55592507,3.3829500675201416,2.1229500770568848,9.094950675964355
55513863,2.8819501399993896,2.3020501136779785,9.655050277709961
55435218,2.6620500087738037,2.458050012588501,9.051000595092773
55356575,2.2860000133514404,1.9930500984191895,8.995950698852539
55277928,1.696950078010559,1.807050108909607,9.496950149536133
55199283,2.2639501094818115,1.9789501428604126,9.613950729370117
55120634,1.9999500513076782,1.327950119972229,9.777000427246094
55041987,2.1349501609802246,0.9720000624656677,9.574050903320312
54963342,1.612950086593628,1.1839500665664673,9.898950576782227
54884695,2.4850502014160156,1.5070500373840332,9.027000427246094
54806050,2.269050121307373,0.5380499958992004,8.533950805664062
54727399,1.5889500379562378,1.0980000495910645,9.73905086517334
54648749,0.8460000157356262,2.5920000076293945,9.705000877380371
54570099,1.7400001287460327,2.5849502086639404,9.292950630187988
54491452,-0.48405003547668457,2.760000228881836,10.081050872802734
54412803,2.133000135421753,2.2260000705718994,9.571050643920898
54334155,2.0629501342773438,2.6230502128601074,9.490050315856934
54255504,2.7240002155303955,3.7729501724243164,9.17805004119873
54176856,3.3949501514434814,4.113000392913818,8.224950790405273
54098207,2.7310500144958496,2.8650002479553223,9.115950584411621
54019560,1.540950059890747,2.7139501571655273,9.247950553894043
53940910,1.287000060081482,2.9539501667022705,8.479050636291504
53862256,1.2919501066207886,2.9440500736236572,9.91395092010498
53783602,0.6280500292778015,3.4260001182556152,8.608050346374512
53704950,0.8389500379562378,3.67995023727417,8.256000518798828
53626297,-0.5680500268936157,3.454050064086914,9.231000900268555
53547647,-0.5029500126838684,3.7159502506256104,9.291000366210938
53468998,0.6400500535964966,4.6210503578186035,8.577000617980957
53390346,0.4020000100135803,4.554000377655029,8.479050636291504
53311697,0.8560500144958496,4.597050189971924,8.194050788879395
53233046,1.5480000972747803,4.534950256347656,8.749950408935547
53154392,0.583050012588501,3.3730502128601074,8.32800006866455
53075743,-0.36705002188682556,2.7019500732421875,8.187000274658203
52997093,0.09300000220537186,2.4460501670837402,8.746950149536133
52918440,2.4679501056671143,2.650050163269043,8.692049980163574
52839791,2.92995023727417,1.8259501457214355,11.193000793457031
52761140,3.7420501708984375,1.4550000429153442,9.892050743103027
52682483,3.6529502868652344,0.5929500460624695,9.95895004272461
52603831,3.9790501594543457,0.4759500324726105,10.045050621032715
52525179,4.401000022888184,0.8640000224113464,9.135000228881836
52446533,3.4429502487182617,0.5839500427246094,9.015000343322754
52367884,4.302000045776367,0.544950008392334,9.589950561523438
52289233,5.6509504318237305,1.0519500970840454,8.167950630187988
52210586,3.8620502948760986,-0.29295000433921814,9.853950500488281
52131936,4.522950172424316,0.8160000443458557,13.16100025177002
52053285,5.632050037384033,0.47805002331733704,10.813950538635254
51974634,4.567950248718262,0.04005000367760658,11.806050300598145
51895981,4.855950355529785,0.1579500138759613,11.83905029296875
51817327,3.7920002937316895,0.7900500297546387,10.809000968933105
51738671,2.1130499839782715,1.3399500846862793,10.339950561523438
51660012,-0.010050000622868538,1.4310001134872437,9.334050178527832
51581355,-0.8940000534057617,1.4980500936508179,11.041950225830078
51502699,-1.9690500497817993,2.8510501384735107,4.69005012512207
51424045,-3.2860500812530518,2.5830001831054688,8.179950714111328
51345387,-5.3580002784729,2.5950000286102295,5.55495023727417
51266731,-6.226950168609619,3.634050130844116,2.427000045776367
51188074,-5.401050090789795,5.478000164031982,0.7960500121116638
51109418,-6.19605016708374,5.493000030517578,-1.6530001163482666
51030767,-5.353050231933594,5.005950450897217,-3.198000192642212
50952112,-4.768950462341309,4.930050373077393,-8.797950744628906
50873461,-3.5880000591278076,4.539000034332275,-10.516950607299805
50794807,-7.177950382232666,3.498000144958496,-2.8819501399993896
50716152,-5.665050506591797,3.828000068664551,-0.7050000429153442
50637500,-4.126950263977051,4.317000389099121,3.655050277709961
50558852,-4.234950065612793,3.370950222015381,3.3130502700805664
50480203,-2.2110002040863037,3.205050230026245,6.379050254821777
50401550,-0.015000000596046448,2.5039501190185547,8.43600082397461
50322898,0.46905001997947693,1.0200001001358032,9.10200023651123
50244247,2.7910501956939697,-0.453000009059906,11.752950668334961
50165598,3.1600501537323,-0.39795002341270447,12.35205078125
50086949,4.699950218200684,0.3730500042438507,14.998050689697266
50008297,4.89900016784668,0.45900002121925354,12.804000854492188
49929642,5.749050140380859,0.9619500637054443,9.880050659179688
49850988,6.075000286102295,0.48600003123283386,7.7410502433776855
49772333,6.184950351715088,-0.20400001108646393,7.557000160217285
49693678,3.66795015335083,-1.5859500169754028,12.586050987243652
49615025,5.758950233459473,-0.8220000267028809,10.654050827026367
49536369,4.7220001220703125,-0.34800001978874207,8.800050735473633
49457713,3.5220000743865967,-0.4320000112056732,8.901000022888184
49379056,3.079050064086914,-0.47700002789497375,11.925000190734863
49300399,2.2330501079559326,-0.00795000046491623,10.795050621032715
49221742,1.0669500827789307,0.07605000585317612,10.896000862121582
49143082,0.8059500455856323,0.3079500198364258,12.213000297546387
49064428,-0.9679500460624695,0.6409500241279602,8.029050827026367
48985769,-2.688000202178955,0.16905000805854797,10.656000137329102
48907113,-3.157050132751465,0.9670500755310059,10.819050788879395
48828457,-2.857950210571289,2.4840002059936523,8.164950370788574
48749798,-3.8800501823425293,3.2890501022338867,3.3439502716064453
48671141,-5.782050132751465,3.3349502086639404,2.608950138092041
48592483,-6.429000377655029,3.9690001010894775,-0.6520500183105469
48513826,-6.673050403594971,3.9810001850128174,-2.650050163269043
48435168,-7.510950565338135,3.498000144958496,-3.948000192642212
48356506,-7.7910003662109375,3.20805025100708,-4.654050350189209
48277849,-6.1459503173828125,4.089000225067139,-9.231000900268555
48199194,-6.069000244140625,4.597050189971924,-7.231050491333008
48120542,-5.061000347137451,4.021049976348877,-3.238950252532959
48041887,-4.431000232696533,2.877000093460083,-0.7429500222206116
47963236,-4.479000091552734,1.0879501104354858,4.50600004196167
47884580,-2.719050168991089,1.045050024986267,6.979950428009033
47805930,-1.6699501276016235,0.9139500260353088,10.026000022888184
47727277,-0.48405003547668457,0.6769500374794006,11.350950241088867
47648622,0.9880500435829163,0.4740000367164612,11.326950073242188
47569969,1.6200001239776611,-1.0110000371932983,14.19105052947998
47491317,3.0040502548217773,-0.5269500017166138,13.264050483703613
47412670,3.5380501747131348,-0.26205000281333923,11.59695053100586
47334023,4.117949962615967,-0.25005000829696655,10.507950782775879
47255372,4.027050018310547,-0.7500000596046448,10.28700065612793
47176722,3.835050106048584,-1.1209501028060913,12.451951026916504
47098071,4.288050174713135,-0.18495000898838043,8.734950065612793
47019426,3.43500018119812,-0.7090500593185425,10.258950233459473
46940780,3.835050106048584,-0.015000000596046448,9.90195083618164
46862126,1.9290001392364502,-0.6040500402450562,10.978950500488281
46783471,1.1790000200271606,-0.7429500222206116,13.225950241088867
46704817,1.0399500131607056,-0.6660000085830688,12.634050369262695
46626166,1.8880500793457031,-0.520050048828125,14.22705078125
46547512,-0.6280500292778015,-0.31200000643730164,12.325050354003906
46468858,-1.8919501304626465,0.6289500594139099,8.055000305175781
46390203,-3.2599501609802246,1.6150500774383545,5.325000286102295
46311550,-2.608950138092041,2.8530001640319824,3.235950231552124
46232901,-5.236050128936768,2.9419500827789307,1.5529500246047974
46154247,-6.309000492095947,3.201000213623047,-2.9710500240325928
46075596,-6.747000217437744,3.009000062942505,-5.167050361633301
45996948,-6.442950248718262,2.839050054550171,-8.419050216674805
45918294,-6.349950313568115,2.956050157546997,-9.508950233459473
45839639,-6.936000347137451,3.0810000896453857,-4.014000415802002
45760986,-5.731950283050537,3.828000068664551,-2.4649500846862793
45682336,-3.745950222015381,2.9160001277923584,1.3540500402450562
45603682,-3.274050235748291,1.2529500722885132,4.683000087738037
45525029,-1.2630000114440918,0.6559500098228455,6.940950393676758
45446376,0.7219500541687012,0.3040500283241272,9.43695068359375
45367723,1.5460500717163086,-0.5350500345230103,12.262950897216797
45289069,3.3829500675201416,-1.1880000829696655,13.971000671386719
45210415,4.489050388336182,-0.9109500646591187,13.63800048828125
45131766,5.25600004196167,-0.6499500274658203,12.409050941467285
45053113,6.115050315856934,0.21300001442432404,9.459000587463379
44974456,6.456000328063965,0.05895000323653221,8.9839506149292
44895801,5.212950229644775,-1.1910001039505005,13.92495059967041
44817143,6.337950229644775,0.11400000751018524,9.384000778198242
44738484,6.361950397491455,0.6030000448226929,9.130050659179688
44659828,4.70205020904541,-0.015000000596046448,10.582050323486328
44581168,3.367950201034546,-0.1969500035047531,9.98805046081543
44502509,2.6260502338409424,-0.4320000112056732,10.893000602722168
44423850,1.4239500761032104,-0.906000018119812,11.31195068359375
44345190,0.0,-0.40095001459121704,11.377050399780273
44266531,-0.6469500064849854,0.5010000467300415,8.356950759887695
44187875,-1.2649500370025635,1.1340000629425049,8.932050704956055
44109220,-1.9549500942230225,1.689000129699707,8.275050163269043
44030566,-5.080050468444824,1.858950138092041,7.365000247955322
43951910,-6.199050426483154,2.2930500507354736,5.18595027923584
43873255,-6.711000442504883,3.1309502124786377,2.740950107574463
43794601,-7.423050403594971,3.696000099182129,0.25905001163482666
43715948,-7.758000373840332,3.118950128555298,0.7099500298500061
43637294,-6.283050060272217,3.747000217437744,-6.850950241088867
43558643,-5.092050075531006,4.252050399780273,-9.210000038146973
43479988,-8.04104995727539,2.496000051498413,-0.13095000386238098
43401333,-6.8020501136779785,2.5609500408172607,0.015000000596046448
43322679,-4.450050354003906,2.9350502490997314,3.325050115585327
43244022,-5.371950149536133,1.4089500904083252,6.273000240325928
43165370,-3.38700008392334,1.0049999952316284,6.874050140380859
43086716,-1.6770000457763672,0.8659500479698181,7.825050354003906
43008061,0.6000000238418579,0.8160000443458557,8.290050506591797
42929408,2.3740501403808594,-0.7330500483512878,10.84005069732666
42850754,3.4999501705169678,-1.1860500574111938,13.06095027923584
42772100,4.314000129699707,-1.1650500297546387,14.622000694274902
42693445,4.80495023727417,-0.40995001792907715,13.269001007080078
42614789,6.6469502449035645,1.228950023651123,8.299050331115723
42536129,6.02400016784668,0.0499500036239624,7.6810503005981445
42457475,4.348050117492676,-1.3320000171661377,14.280000686645508
42378823,6.561000347137451,0.18105000257492065,7.576050281524658
42300171,5.1739501953125,-0.18495000898838043,9.396000862121582
42221519,4.345950126647949,-0.5539500117301941,9.619050025939941
42142866,4.441050052642822,-0.7840500473976135,12.586050987243652
42064215,3.876000165939331,-0.8320500254631042,11.953950881958008
41985562,3.069000244140625,-0.00795000046491623,8.425950050354004
41906909,0.025950001552700996,-0.8119500279426575,11.545050621032715
41828256,-1.057050108909607,-0.7309500575065613,13.37700080871582
41749606,-0.5419500470161438,1.4209500551223755,6.907950401306152
41670954,-3.375000238418579,1.3159500360488892,9.031949996948242
41592303,-4.465050220489502,2.2950000762939453,6.369000434875488
41513653,-4.387950420379639,3.078000068664551,5.241000175476074
41435005,-6.261000156402588,3.0520501136779785,5.6170501708984375
41356357,-7.231050491333008,3.517050266265869,3.9019501209259033
41277708,-6.699000358581543,4.414950370788574,1.5210000276565552
41199055,-6.831000328063965,4.408050060272217,-0.4849500358104706
41120399,-6.321000099182129,4.4320502281188965,-2.5489501953125
41041741,-6.043050289154053,5.032950401306152,-7.423050403594971
40963082,-7.2360005378723145,4.3309502601623535,-4.719000339508057
40884426,-6.831000328063965,3.985950231552124,-0.6550500392913818
40805767,-7.414950370788574,3.5190000534057617,1.1220000982284546
40727108,-7.102050304412842,3.0949501991271973,2.677950143814087
40648453,-6.448050498962402,2.539950132369995,2.5609500408172607
40569797,-5.143050193786621,2.5350000858306885,5.385000228881836
40491141,-3.5929501056671143,2.259000062942505,7.063950538635254
40412483,-2.130000114440918,1.7200500965118408,7.132950305938721
40333826,-0.36705002188682556,1.0399500131607056,9.478050231933594
40255167,1.3729500770568848,0.6319500207901001,10.807050704956055
40176509,2.952000141143799,0.11400000751018524,11.362950325012207
40097852,5.509950160980225,0.5809500217437744,13.221000671386719
40019203,4.633050441741943,-0.7140000462532043,12.394950866699219
39940549,7.344000339508057,0.5839500427246094,11.334000587463379
39861894,5.385000228881836,-0.5130000114440918,10.120050430297852
39783235,6.312000274658203,0.38700002431869507,11.992050170898438
39704579,6.946950435638428,0.9499500393867493,7.521000385284424
39625924,5.887950420379639,0.5790000557899475,9.586050033569336
39547270,3.3520500659942627,-0.859950065612793,10.879050254821777
39468620,4.185000419616699,-0.41700002551078796,12.12405014038086
39389969,2.9110500812530518,0.34905001521110535,8.338050842285156
39311315,1.01895010471344,-0.039000000804662704,12.771000862121582
39232662,-0.16095000505447388,-0.1870500147342682,12.91200065612793
39154007,-1.228950023651123,0.25200000405311584,10.71405029296875
39075353,-1.3489500284194946,1.0330500602722168,9.169050216674805
38996695,-1.9669500589370728,2.11995005607605,7.1670002937316895
38918038,-5.004000186920166,1.7830500602722168,6.397950172424316
38839382,-6.129000186920166,2.5440001487731934,1.8349500894546509
38760727,-6.366000175476074,3.646050214767456,-2.0629501342773438
38682067,-7.509000301361084,3.756000280380249,-1.998000144958496
38603409,-7.261950492858887,4.374000072479248,-3.0739500522613525
38524752,-8.005050659179688,4.546950340270996,-1.902000069618225
38446093,-6.385950088500977,5.016000270843506,-6.084000110626221
38367435,-7.2210001945495605,3.847050189971924,-6.657000541687012
38288778,-7.590000152587891,4.063050270080566,-2.977950096130371
38210120,-6.738000392913818,3.7110002040863037,-2.379000186920166
38131461,-6.223050117492676,3.868950128555298,-0.9400500655174255
38052800,-6.7159504890441895,3.0019500255584717,1.9450501203536987
37974140,-6.043050289154053,2.4870002269744873,4.060050010681152
37895480,-3.9790501594543457,2.1949501037597656,5.298000335693359
37816821,-2.31600022315979,1.3230000734329224,8.005050659179688
37738163,-0.07905000448226929,1.0330500602722168,8.878950119018555
37659503,1.5310500860214233,-0.4440000355243683,11.55405044555664
37580845,4.152000427246094,-0.931950032711029,13.585050582885742
37502188,5.950050354003906,-0.7620000243186951,12.583950996398926
37423529,5.719950199127197,-0.7240500450134277,11.632950782775879
37344873,6.1180500984191895,-0.3910500109195709,10.318050384521484
37266211,6.931950092315674,-0.13695000112056732,8.838000297546387
37187552,6.02400016784668,-0.8340000510215759,12.181950569152832
37108890,6.50100040435791,-0.07695000618696213,9.061050415039062
37030231,5.886000156402588,-0.18000000715255737,8.67495059967041
36951568,5.3110504150390625,-0.4819500148296356,10.360950469970703
36872907,5.308050155639648,-0.42000001668930054,11.884950637817383
36794245,3.1620001792907715,-0.21900001168251038,8.878950119018555
36715585,3.8310000896453857,0.5380499958992004,13.963951110839844
36636926,-0.5370000004768372,-0.2569500207901001,9.814950942993164
36558265,-0.13005000352859497,1.0980000495910645,7.72005033493042
36479606,-1.39395010471344,1.3680000305175781,9.310050010681152
36400943,-4.0980000495910645,1.1670000553131104,9.343950271606445
36322282,-4.273050308227539,2.1660001277923584,6.77400016784668
36243622,-4.666050434112549,2.11995005607605,6.520050525665283
36164959,-5.794050216674805,2.227950096130371,3.5329501628875732
36086297,-7.0660505294799805,2.7739500999450684,-0.07395000010728836
36007639,-7.344000339508057,3.6919500827789307,-4.114950180053711
35928978,-7.212000370025635,4.035000324249268,-4.6020002365112305
35850319,-7.414950370788574,3.9840002059936523,-2.748000144958496
35771658,-7.090050220489502,3.6130502223968506,-6.463050365447998
35693001,-5.023050308227539,3.6889500617980957,-10.879050254821777
35614340,-8.46405029296875,2.9130001068115234,2.6520001888275146
35535679,-7.044000148773193,3.069000244140625,-0.37005001306533813
35457019,-6.757050514221191,2.6860501766204834,1.9069501161575317
35378361,-5.671950340270996,2.190000057220459,5.740950107574463
35299704,-4.651950359344482,2.0050501823425293,5.4970502853393555
35221047,-2.6299500465393066,1.6009501218795776,6.252000331878662
35142392,-1.2769500017166138,0.8899500370025635,8.232000350952148
35063732,1.0950000286102295,0.31800001859664917,10.579050064086914
34985073,3.2100000381469727,0.37800002098083496,11.60205078125
34906415,4.417050361633301,-0.15405000746250153,11.587950706481934
34827762,6.124950408935547,0.34200000762939453,11.248050689697266
34749109,6.349950313568115,0.07800000160932541,11.122950553894043
34670454,5.874000072479248,-0.19200000166893005,10.345050811767578
34591795,7.219950199127197,0.16005000472068787,8.968050003051758
34513137,6.781050205230713,-0.1489500105381012,9.934950828552246
34434481,6.805050373077393,0.1579500138759613,9.480000495910645
34355822,6.070050239562988,0.032999999821186066,8.469000816345215
34277160,6.29295015335083,0.07605000585317612,9.775050163269043
34198502,4.810050010681152,-0.28995001316070557,8.769000053405762
34119843,4.288050174713135,0.3679500222206116,9.655050277709961
34041182,2.9130001068115234,-0.016950000077486038,11.676000595092773
33962521,2.9730000495910645,0.05505000427365303,10.632000923156738
33883858,1.4020500183105469,0.46605002880096436,10.72095012664795
33805195,-0.5250000357627869,0.7080000042915344,8.829000473022461
33726532,-0.28995001316070557,1.287000060081482,8.95305061340332
33647872,-2.284950017929077,1.0030500888824463,10.833000183105469
33569214,-3.9019501209259033,1.440000057220459,9.255000114440918
33490554,-3.3319501876831055,2.2450501918792725,7.0249505043029785
33411891,-5.386950492858887,2.0370001792907715,6.144000053405762
33333230,-6.6469502449035645,2.8369500637054443,3.936000108718872
33254569,-7.120950222015381,3.8590502738952637,0.13005000352859497
33175908,-6.919950485229492,4.0410003662109375,-1.396950125694275
33097246,-7.177950382232666,3.7540502548217773,-2.997000217437744
33018587,-6.4360504150390625,4.2109503746032715,-9.41100025177002
32939928,-8.329950332641602,3.2320501804351807,-4.230000019073486
32861271,-6.9910502433776855,3.865950107574463,-3.5209500789642334
32782615,-7.624050140380859,3.0430500507354736,1.2079501152038574
32703962,-6.796950340270996,3.4420502185821533,1.7899501323699951
32625302,-7.237950325012207,2.688000202178955,3.7729501724243164
32546643,-6.333000183105469,2.7840001583099365,4.82895040512085
32467987,-5.0970001220703125,2.845950126647949,4.897950172424316
32389329,-4.047000408172607,2.199000120162964,8.175000190734863
32310672,-2.587050199508667,1.9360500574111938,8.107950210571289
32232014,-1.0399500131607056,1.519050121307373,8.848050117492676
32153355,1.0030500888824463,0.7920000553131104,10.56705093383789
32074694,2.4850502014160156,0.7510500550270081,11.053950309753418
31996035,3.028050184249878,0.6679500341415405,10.681950569152832
31917377,4.3909502029418945,0.3730500042438507,11.407950401306152
31838719,4.642950057983398,-0.286050021648407,11.511000633239746
31760057,5.386950492858887,0.0499500036239624,10.395000457763672
31681396,6.156000137329102,0.7129500508308411,7.698000431060791
31602734,7.294050216674805,0.7510500550270081,7.234050273895264
31524078,4.3909502029418945,-1.6290000677108765,14.566950798034668
31445419,5.811000347137451,0.30105000734329224,9.504000663757324
31366759,5.875950336456299,0.2959500253200531,9.849000930786133
31288102,4.458000183105469,0.09300000220537186,8.97705078125
31209442,3.3439502716064453,0.21000000834465027,8.914950370788574
31130781,2.848950147628784,-0.09600000083446503,12.133950233459473
31052115,1.7899501323699951,-0.12495000660419464,9.885000228881836
30973448,2.038950204849243,0.7710000276565552,10.285050392150879
30894783,-0.8839500546455383,0.9330000281333923,10.564950942993164
30816119,-1.6290000677108765,1.582050085067749,9.223950386047363
30737456,-2.6449501514434814,2.009999990463257,9.042000770568848
30658796,-4.162950038909912,2.319000005722046,7.657950401306152
30580135,-5.086950302124023,2.3550000190734863,6.124950408935547
30501479,-5.479950428009033,2.7120001316070557,4.764000415802002
30422821,-6.750000476837158,2.451000213623047,5.473050117492676
30344161,-6.904950141906738,3.1549501419067383,3.4210500717163086
30265504,-7.684050559997559,3.4330501556396484,1.3590000867843628
30186850,-7.878000259399414,3.766050100326538,-0.7309500575065613
30108191,-7.570950508117676,3.996000289916992,-2.2450501918792725
30029530,-6.996000289916992,4.50600004196167,-5.338950157165527
29950868,-7.237950325012207,4.377000331878662,-3.696000099182129
29872207,-7.612050533294678,3.4140002727508545,-4.875
29793550,-7.827000141143799,3.454050064086914,1.735050082206726
29714886,-7.786950588226318,2.949000120162964,2.677950143814087
29636222,-7.26900053024292,3.114000082015991,3.888000249862671
29557561,-6.180000305175781,2.8530001640319824,2.7739500999450684
29478899,-5.770050048828125,2.3959500789642334,4.906050205230713
29400239,-5.188050270080566,1.6320000886917114,7.212000370025635
29321580,-2.877000093460083,1.651050090789795,8.67300033569336
29242917,-1.957050085067749,1.495050072669983,8.17199993133545
29164256,-0.922950029373169,0.9979500770568848,9.459000587463379
29085598,1.078950047492981,1.0210500955581665,9.95895004272461
29006934,2.2669501304626465,0.31995001435279846,11.6089506149292
28928271,3.826050281524658,0.11700000613927841,12.733050346374512
28849605,3.916950225830078,0.0690000057220459,10.456950187683105
28770938,4.707000255584717,0.4540500342845917,9.427050590515137
28692271,4.570950031280518,0.10500000417232513,10.462050437927246
28613602,5.385000228881836,0.8640000224113464,8.656050682067871
28534931,3.7080001831054688,-0.12495000660419464,13.999950408935547
28456266,6.130050182342529,0.9000000357627869,9.432000160217285
28377598,4.939050197601318,0.2580000162124634,9.379950523376465
28298937,4.294950008392334,0.5740500092506409,8.282999992370605
28220273,3.547950267791748,0.35895001888275146,10.618050575256348
28141609,3.031050205230713,0.5620500445365906,10.941000938415527
28062945,1.8760501146316528,0.5790000557899475,10.599000930786133
27984281,1.2610501050949097,0.675000011920929,11.248050689697266
27905616,-0.06300000101327896,0.598050057888031,10.56705093383789
27826954,-0.364050030708313,1.0279500484466553,11.431950569152832
27748289,-1.0249500274658203,1.858950138092041,9.814950942993164
27669625,-2.7690000534057617,2.089050054550171,7.837050437927246
27590963,-3.9810001850128174,1.9459501504898071,7.807950496673584
27512300,-4.852950096130371,2.239950180053711,5.56695032119751
27433636,-5.454000473022461,2.2950000762939453,5.683950424194336
27354970,-5.890050411224365,2.7120001316070557,3.7270500659942627
27276309,-6.345000267028809,3.0640501976013184,1.5049500465393066
27197649,-7.345950126647949,3.469050168991089,-0.21000000834465027
27118988,-6.9559502601623535,4.5199503898620605,-2.748000144958496
27040326,-7.291050434112549,4.24500036239624,-2.848050117492676
26961664,-5.133000373840332,5.386950492858887,-10.507950782775879
26883000,-6.889050483703613,4.1610002517700195,-6.781050205230713
26804338,-7.938000202178955,3.850050210952759,-1.5000001192092896
26725672,-7.200000286102295,3.988950252532959,-1.0980000495910645
26647011,-6.352050304412842,3.8830502033233643,-0.5899500250816345
26568346,-5.868000507354736,2.9230501651763916,1.054050087928772
26489677,-4.6369500160217285,1.7560501098632812,3.2530500888824463
26411011,-3.0300002098083496,1.0330500602722168,5.2099504470825195
26332342,-1.5690001249313354,0.226950004696846,8.905050277709961
26253674,0.361050009727478,-0.13005000352859497,10.110000610351562
26175001,2.6950502395629883,-0.5509500503540039,11.092050552368164
26096327,4.743000030517578,-0.6420000195503235,12.442950248718262
26017656,6.468000411987305,-0.19500000774860382,12.843000411987305
25938989,4.999050140380859,-1.480950117111206,13.801050186157227
25860326,7.051950454711914,0.51705002784729,9.444000244140625
25781659,6.6160502433776855,-0.17295001447200775,7.669050216674805
25702996,6.19005012512207,-0.41505002975463867,10.191000938415527
25624331,7.31505012512207,0.9790500402450562,7.501950263977051
25545668,5.550000190734863,0.022950001060962677,10.017000198364258
25467002,6.51300048828125,1.2490500211715698,7.348950386047363
25388332,4.62600040435791,-0.13005000352859497,10.170000076293945
25309666,3.9220502376556396,-0.18000000715255737,9.043950080871582
25231001,4.297950267791748,0.14595000445842743,11.386950492858887
25152336,2.0029501914978027,0.18900001049041748,8.544000625610352
25073674,0.7960500121116638,0.04500000178813934,11.02500057220459
24995010,1.024049997329712,0.20295001566410065,13.225950241088867
24916344,-0.8910000324249268,0.7710000276565552,9.454050064086914
24837671,-1.7899501323699951,0.5770500302314758,10.990950584411621
24759002,-2.2900500297546387,1.1340000629425049,9.516000747680664
24680335,-3.7200002670288086,1.0879501104354858,9.925950050354004
24601671,-5.2669501304626465,1.2060000896453857,6.709050178527832
24523007,-5.619000434875488,1.7800500392913818,5.109000205993652
24444341,-5.431950092315674,2.7690000534057617,4.3909502029418945
24365674,-6.502950191497803,3.4590001106262207,0.2550000250339508
24287009,-7.138050556182861,3.838050127029419,-3.3510000705718994
24208342,-6.31095027923584,4.246950149536133,-5.257950305938721
24129675,-5.830050468444824,4.671000003814697,-7.954950332641602
24051007,-4.836000442504883,5.119050025939941,-10.717950820922852
23972341,-7.636050224304199,3.3990001678466797,-2.107950210571289
23893674,-7.9110002517700195,2.650050163269043,-0.5539500117301941
23815006,-6.2989501953125,3.1960501670837402,-1.5049500465393066
23736341,-6.868950366973877,2.1610500812530518,1.7370001077651978
23657674,-4.933950424194336,2.499000072479248,3.6510002613067627
23579007,-3.945000171661377,1.981950044631958,6.442950248718262
23500347,-2.1940500736236572,0.8640000224113464,7.578000545501709
23421683,0.1270500123500824,0.31995001435279846,9.769950866699219
23343017,1.711050033569336,-0.3859500288963318,11.643000602722168
23264354,2.719050168991089,-0.41700002551078796,13.077000617980957
23185693,3.106950044631958,-0.1469999998807907,11.992050170898438
23107026,4.4920501708984375,-0.19005000591278076,11.869950294494629
23028360,3.9460501670837402,-1.071000099182129,12.618000984191895
22949699,4.939050197601318,-0.07005000114440918,9.565950393676758
22871037,6.301950454711914,0.6799500584602356,8.8410005569458
22792376,5.332050323486328,-0.027000000700354576,8.476950645446777
22713711,4.350000381469727,-0.3930000066757202,11.308050155639648
22635048,5.304000377655029,0.032999999821186066,9.97605037689209
22556388,5.068950176239014,0.4830000102519989,8.677950859069824
22477724,3.265050172805786,-0.45795002579689026,10.651050567626953
22399062,3.52905011177063,0.51705002784729,9.447000503540039
22320403,1.8430501222610474,-0.5800500512123108,12.261000633239746
22241747,1.440000057220459,-0.004950000438839197,11.797950744628906
22163086,1.0930500030517578,0.8089500665664673,11.034000396728516
22084428,-1.144950032234192,0.5070000290870667,9.997050285339355
22005766,-2.07705020904541,0.7159500122070312,11.205000877380371
21927105,-3.3030002117156982,0.6840000152587891,9.259950637817383
21848447,-3.925950288772583,1.0470000505447388,9.127950668334961
21769788,-3.8710501194000244,1.9240500926971436,7.0759501457214355
21691130,-5.605050086975098,2.82705020904541,2.199000120162964
21612474,-5.416050434112549,4.420050144195557,-2.5540502071380615
21533815,-6.0360002517700195,4.237950325012207,-4.623000144958496
21455161,-5.5980000495910645,4.249950408935547,-7.071000099182129
21376502,-5.799000263214111,4.024050235748291,-9.5110502243042
21297838,-6.678000450134277,2.9200501441955566,-5.778000354766846
21219176,-6.433050155639648,3.8329501152038574,-1.2169500589370728
21140515,-5.145000457763672,3.217050075531006,-0.42705002427101135
21061854,-4.929000377655029,2.7460501194000244,2.25
20983193,-4.470000267028809,1.2990000247955322,5.55495023727417
20904534,-2.2210500240325928,1.9789501428604126,5.947050094604492
20825873,-1.6549500226974487,0.9100500345230103,9.280950546264648
20747217,-0.3739500045776367,-0.5130000114440918,12.952950477600098
20668556,-0.5779500007629395,-2.158050060272217,14.869050979614258
20589894,1.5460500717163086,-0.36900001764297485,13.594950675964355
20511229,0.7579500079154968,-1.1020500659942627,12.757050514221191
20432565,1.9699500799179077,0.06599999964237213,11.29800033569336
20353896,2.7720000743865967,0.831000030040741,10.432950019836426
20275230,2.0820000171661377,1.2510000467300415,8.247000694274902
20196567,2.5039501190185547,1.6050000190734863,8.224950790405273
20117902,2.959050178527832,0.7630500197410583,10.098000526428223
20039237,2.7240002155303955,0.8590500354766846,9.580950736999512
19960569,2.845950126647949,0.7750500440597534,9.744000434875488
19881902,2.9880001544952393,0.9529500603675842,9.459000587463379
19803238,2.6860501766204834,0.9379500150680542,9.303000450134277
19724571,2.647050142288208,0.9169500470161438,9.568950653076172
19645906,2.8510501384735107,1.2340500354766846,9.087000846862793
19567242,2.5849502086639404,0.9070500135421753,9.70305061340332
19488579,2.9760000705718994,0.8020500540733337,9.66195011138916
19409917,2.848950147628784,0.4710000157356262,9.793950080871582
19331255,2.92995023727417,0.40905001759529114,9.67905044555664
19252592,2.3650500774383545,0.8779500126838684,8.581950187683105
19173928,2.556000232696533,0.9259500503540039,9.331950187683105
19095266,2.8249502182006836,1.371000051498413,9.106050491333008
19016608,2.4250500202178955,1.1069999933242798,9.490050315856934
18937949,3.2220001220703125,0.853950023651123,9.07800006866455
18859286,3.970050096511841,0.8230500221252441,10.579050064086914
18780624,3.5620501041412354,0.2989500164985657,9.741000175476074
18701962,4.578000068664551,0.5670000314712524,7.813050270080566
18623299,4.213950157165527,-0.36900001764297485,11.872950553894043
18544637,4.333950042724609,0.32805001735687256,9.352950096130371
18465974,4.269000053405762,0.37800002098083496,10.156050682067871
18387313,3.826050281524658,0.17400000989437103,11.308050155639648
18308651,3.1530001163482666,-0.48405003547668457,11.161050796508789
18229990,2.91795015335083,-0.034050002694129944,10.663050651550293
18151329,1.7850000858306885,0.4710000157356262,8.707050323486328
18072665,-0.3550500273704529,0.41100001335144043,9.4350004196167
17994005,-0.3859500288963318,1.3900500535964966,8.029050827026367
17915343,-1.8570001125335693,0.6960000395774841,9.763050079345703
17836684,-3.0210001468658447,0.32505002617836,9.292950630187988
17758023,-3.4560000896453857,0.41895002126693726,9.199950218200684
17679366,-4.864950180053711,0.34005001187324524,8.926950454711914
17600709,-4.716000080108643,1.0210500955581665,7.729050159454346
17522049,-5.94195032119751,0.9739500284194946,8.005050659179688
17443388,-7.513950347900391,0.7950000166893005,6.271050453186035
17364729,-6.7420501708984375,1.396950125694275,6.346950531005859
17286068,-7.255050182342529,1.7230501174926758,5.128050327301025
17207409,-7.726950168609619,2.2380001544952393,4.386000156402588
17128750,-6.898050308227539,3.3949501514434814,1.633950114250183
17050087,-7.152000427246094,3.258000135421753,-1.8379501104354858
16971427,-5.5759501457214355,4.183050155639648,-5.374950408935547
16892766,-5.446950435638428,3.6510002613067627,-4.639950275421143
16814102,-5.140050411224365,2.3530499935150146,-10.563000679016113
16735439,-7.188000202178955,1.1340000629425049,-8.38800048828125
16656775,-7.288050174713135,3.0109500885009766,-0.7740000486373901
16578110,-6.7159504890441895,3.1810500621795654,-0.520050048828125
16499443,-7.092000484466553,2.25,1.6270500421524048
16420782,-6.847950458526611,1.4910000562667847,4.192049980163574
16342122,-5.605050086975098,1.6819500923156738,5.943000316619873
16263462,-4.024050235748291,1.2919501066207886,7.576050281524658
16184799,-2.4150002002716064,1.1239500045776367,8.176950454711914
16106135,-0.36705002188682556,0.9049500226974487,10.12695026397705
16027471,1.7730001211166382,0.8040000200271606,11.248050689697266
15948810,2.839050054550171,0.22500000894069672,12.64905071258545
15870148,3.475950241088867,0.39705002307891846,11.767050743103027
15791488,4.297950267791748,0.06599999964237213,11.113950729370117
15712823,3.570000171661377,-0.45795002579689026,11.559000968933105
15634164,5.494950294494629,1.287000060081482,9.091950416564941
15555505,5.82105016708374,0.9910500645637512,8.94795036315918
15476842,4.756950378417969,0.18405000865459442,8.756999969482422
15398181,5.056950092315674,0.25005000829696655,10.29900074005127
15319520,5.755950450897217,1.0549499988555908,7.962000370025635
15240858,3.756000280380249,0.16500000655651093,8.896050453186035
15162196,5.380050182342529,1.062000036239624,10.579050064086914
15083534,4.294950008392334,0.687000036239624,9.619050025939941
15004871,3.4020001888275146,0.5239500403404236,9.38895034790039
14926211,2.530050039291382,-0.11295000463724136,11.415000915527344
14847554,3.1720502376556396,1.0740000009536743,9.5110502243042
14768899,0.7870500087738037,-0.15105000138282776,9.748050689697266
14690243,0.5689499974250793,0.5890500545501709,10.303950309753418
14611582,-0.13005000352859497,0.43800002336502075,11.181000709533691
14532927,-1.2940500974655151,0.4330500066280365,10.905000686645508
14454268,-2.009999990463257,1.1650500297546387,9.40095043182373
14375608,-2.257050037384033,1.5049500465393066,7.951950550079346
14296949,-3.7579500675201416,0.9930000305175781,10.357050895690918
14218289,-4.33305025100708,1.5700501203536987,10.456950187683105
14139624,-4.683000087738037,2.616000175476074,6.628050327301025
14060957,-7.102050304412842,2.149049997329712,6.877050399780273
13982294,-7.212000370025635,2.9950501918792725,2.616000175476074
13903627,-6.127050399780273,3.0520501136779785,2.287950038909912
13824964,-6.079050064086914,3.3199501037597656,0.7570500373840332
13746304,-7.7719502449035645,2.3170502185821533,-0.9679500460624695
13667640,-7.65000057220459,2.2230000495910645,-2.401050090789795
13588982,-7.018050193786621,3.1650002002716064,-2.311950206756592
13510328,-4.173000335693359,5.121000289916992,-9.717000007629395
13431671,-6.811950206756592,2.974950075149536,-6.769050121307373
13353011,-9.717000007629395,1.1260499954223633,2.9659502506256104
13274351,-7.344000339508057,3.009000062942505,1.0639500617980957
13195692,-7.3120503425598145,1.6699501276016235,0.8359500169754028
13117034,-7.501950263977051,0.9769500494003296,1.897050142288208
13038374,-6.550950527191162,1.9960501194000244,4.510050296783447
12959713,-4.819050312042236,1.689000129699707,5.221950054168701
12881052,-3.0900001525878906,0.739050030708313,5.938050270080566
12802388,-1.7220001220703125,0.5010000467300415,10.306050300598145
12723725,-0.922950029373169,-0.028950002044439316,10.891050338745117
12645062,0.5659500360488892,-0.3330000042915344,11.583000183105469
12566403,1.3999500274658203,-0.4320000112056732,11.904000282287598
12487741,3.109950065612793,-0.36900001764297485,12.55095100402832
12409080,4.209000110626221,-0.23295001685619354,11.896950721740723
12330415,4.258950233459473,-0.4630500078201294,12.045001029968262
12251749,5.253000259399414,0.37995001673698425,8.419050216674805
12173086,5.241000175476074,0.2939999997615814,8.3860502243042
12094421,5.593050479888916,0.8230500221252441,8.410050392150879
12015761,4.417050361633301,0.20805001258850098,10.158000946044922
11937100,5.25600004196167,0.18105000257492065,9.001049995422363
11858437,4.795950412750244,0.5689499974250793,8.505000114440918
11779775,4.381050109863281,0.17205001413822174,9.652950286865234
11701110,3.8929502964019775,-0.21105000376701355,8.818950653076172
11622446,4.429050445556641,0.703950047492981,8.074049949645996
11543782,2.9610002040863037,0.019050000235438347,9.576000213623047
11465119,3.766050100326538,1.158000111579895,9.753000259399414
11386456,2.877000093460083,0.31095001101493835,10.189050674438477
11307791,2.899050235748291,0.6289500594139099,11.046000480651855
11229124,2.3310000896453857,0.703950047492981,9.748050689697266
11150458,0.7480500340461731,0.17400000989437103,10.933950424194336
11071793,0.08595000207424164,0.687000036239624,10.498050689697266
10993129,-0.18195000290870667,1.1100000143051147,9.480000495910645
10914471,-1.6189501285552979,0.6919500231742859,9.8899507522583
10835813,-2.5420501232147217,0.984000027179718,9.613950729370117
10757150,-3.4180500507354736,0.9330000281333923,9.898950576782227
10678488,-3.885000228881836,1.327950119972229,8.449950218200684
10599832,-4.012050151824951,1.8450000286102295,7.61400032043457
10521170,-4.342950344085693,2.2549500465393066,7.483050346374512
10442505,-6.670950412750244,1.7419500350952148,6.156000137329102
10363838,-7.758000373840332,1.8709501028060913,4.695000171661377
10285169,-6.3349504470825195,2.9920501708984375,2.7240002155303955
10206502,-7.777050495147705,2.6550002098083496,4.063050270080566
10127836,-8.152950286865234,2.6430001258850098,2.956050157546997
10049171,-8.361000061035156,2.6230502128601074,1.308000087738037
9970506,-7.597050189971924,3.268050193786621,-1.3230000734329224
9891840,-7.480050563812256,3.037950038909912,-2.9610002040863037
9813175,-5.563950061798096,3.20805025100708,-6.580050468444824
9734512,-3.7800002098083496,4.341000080108643,-9.68595027923584
9655851,-4.762050151824951,4.747950077056885,-9.418050765991211
9577192,-5.356050491333008,3.556950092315674,-9.439949989318848
9498531,-6.285000324249268,2.9850001335144043,-6.505950450897217
9419871,-6.867000102996826,3.5530502796173096,-3.5809502601623535
9341208,-6.517050266265869,3.0949501991271973,-3.2149500846862793
9262546,-5.451000213623047,3.328050136566162,-1.7800500392913818
9183887,-6.259050369262695,2.580000162124634,2.4649500846862793
9105228,-6.562950134277344,2.329050064086914,4.73805046081543
9026569,-4.515000343322754,2.5950000286102295,4.672950267791748
8947911,-4.021049976348877,2.202000141143799,8.307000160217285
8869250,-3.334050178527832,1.6750500202178955,9.11400032043457
8790588,-1.8250501155853271,1.4380500316619873,10.432950019836426
8711923,-0.8050500154495239,1.2460500001907349,11.157000541687012
8633259,-0.4909500181674957,0.5190000534057617,11.989950180053711
8554592,0.5710500478744507,0.37095001339912415,12.63705062866211
8475926,1.270050048828125,0.7729500532150269,12.210000991821289
8397261,1.3230000734329224,0.2460000067949295,12.34005069732666
8318597,2.5159502029418945,0.6720000505447388,10.194000244140625
8239931,2.887050151824951,1.0279500484466553,9.741000175476074
8161264,2.4250500202178955,0.8500500321388245,9.625950813293457
8082597,1.3570500612258911,0.2580000162124634,11.515950202941895
8003932,1.9099501371383667,0.46905001997947693,11.178000450134277
7925264,1.672950029373169,0.7630500197410583,10.086000442504883
7846602,1.4160000085830688,0.9000000357627869,9.904050827026367
7767938,1.0810500383377075,0.9450000524520874,9.826950073242188
7689272,0.6190500259399414,0.9379500150680542,10.018950462341309
7610607,-0.22995001077651978,0.9910500645637512,10.783050537109375
7531945,-0.9750000238418579,0.9810000658035278,10.213050842285156
7453284,-1.2220500707626343,0.8880000710487366,10.335000038146973
7374622,-2.0429999828338623,1.2030000686645508,9.946950912475586
7295958,-3.3630001544952393,0.9600000381469727,10.069050788879395
7217294,-3.805950164794922,1.1770501136779785,9.109050750732422
7138627,-3.2410502433776855,2.1349501609802246,7.801050186157227
7059961,-5.011050224304199,1.9699500799179077,8.580000877380371
6981293,-5.6260504722595215,2.3050501346588135,7.252950191497803
6902632,-5.815950393676758,2.4100501537323,6.484050273895264
6823968,-6.40500020980835,2.590050220489502,4.740000247955322
6745304,-7.26900053024292,2.688000202178955,3.4519500732421875
6666638,-8.052000045776367,2.5920000076293945,1.9260001182556152
6587972,-7.827000141143799,2.9629502296447754,-0.34995001554489136
6509310,-6.790050506591797,3.7710001468658447,-2.9200501441955566
6375529,-6.77400016784668,3.699000120162964,-6.235050201416016
6295835,-8.035950660705566,3.4039502143859863,-4.534950256347656
6216141,-8.281949996948242,3.0979502201080322,-1.7160000801086426
6136446,-7.887000560760498,2.887050151824951,-0.24300001561641693
6056752,-8.131950378417969,2.3430001735687256,3.556950092315674
5977058,-7.702950477600098,2.152050018310547,3.1410000324249268
5897364,-7.3720502853393555,1.9260001182556152,4.575000286102295
5817669,-5.662050247192383,2.5129501819610596,3.5719501972198486
5737975,-4.6180500984191895,1.6849501132965088,5.818050384521484
5658281,-3.283950090408325,0.5860500335693359,5.653050422668457
5578587,-1.9810501337051392,1.194000005722046,9.732000350952148
5498892,-1.495050072669983,0.5770500302314758,11.659950256347656
5419198,-0.3360000252723694,0.37995001673698425,11.389050483703613
5339504,0.6240000128746033,0.7129500508308411,12.32805061340332
5259810,0.7699500322341919,0.4830000102519989,11.619000434875488
5180115,0.33705002069473267,0.16905000805854797,12.784950256347656
5100421,1.333050012588501,1.2510000467300415,11.467950820922852
5020727,1.8520500659942627,1.27305006980896,9.483000755310059
4941033,1.1509500741958618,0.7660500407218933,10.972050666809082
4861339,1.5580500364303589,1.015950083732605,10.13895034790039
4781644,-0.0990000069141388,0.14805001020431519,10.920000076293945
4701950,-2.1220500469207764,-0.5370000004768372,11.482050895690918
4622256,-0.20400001108646393,0.9019500613212585,9.351000785827637
4542562,-0.3840000033378601,0.9430500268936157,9.655050277709961
4462868,-1.5840001106262207,0.8809500336647034,8.793000221252441
4383174,-1.3369500637054443,1.1430000066757202,9.571050643920898
4303479,-1.1479500532150269,2.5320000648498535,7.9860005378723145
4223785,-0.2350500077009201,2.187000036239624,7.381950378417969
4144091,0.8250000476837158,3.7800002098083496,9.247950553894043
4064397,1.3300501108169556,5.160000324249268,7.8949503898620605
3984703,2.9610002040863037,4.246950149536133,8.404950141906738
3905008,3.009000062942505,4.2970499992370605,9.38700008392334
3825314,2.628000020980835,4.884000301361084,11.83905029296875
3745620,0.7170000076293945,4.834050178527832,8.131950378417969
3665926,-0.028950002044439316,3.9529502391815186,9.655050277709961
3586232,-0.6829500198364258,3.976950168609619,8.902950286865234
3506538,-1.0279500484466553,4.249950408935547,9.232950210571289
3426844,-0.003000000026077032,4.755000114440918,8.995950698852539
3347150,-0.8239500522613525,3.807000160217285,9.07800006866455
3267456,-0.9370500445365906,3.864000082015991,8.962950706481934
3187761,-1.2580500841140747,3.2290501594543457,9.17400074005127
3108067,-1.3369500637054443,3.2530500888824463,9.684000015258789
3028373,-1.168950080871582,3.7849502563476562,8.485950469970703
2948679,-0.987000048160553,3.5839502811431885,9.26205062866211
2868985,-1.072950005531311,3.007050037384033,9.574050903320312
2789291,-1.0660500526428223,3.89805006980896,9.042000770568848
2709597,-1.5430500507354736,4.173000335693359,9.256950378417969
2629903,0.33000001311302185,3.129000186920166,9.07800006866455
2550208,-0.019950000569224358,3.217050075531006,9.070950508117676
2470514,-0.42195001244544983,3.7420501708984375,9.115950584411621
2390820,0.6760500073432922,3.457050085067749,10.21095085144043
2311126,0.5490000247955322,3.109950065612793,8.914950370788574
2231432,1.977000117301941,2.6430001258850098,9.597000122070312
2151738,1.3519500494003296,2.247000217437744,9.700050354003906
2072044,1.9939501285552979,2.3959500789642334,9.823050498962402
1992350,1.5630000829696655,2.2210500240325928,9.529950141906738
1912656,1.4040000438690186,2.2710001468658447,9.346050262451172
1832962,1.519050121307373,2.2759501934051514,9.684000015258789
1753268,2.1160500049591064,1.4790000915527344,9.826950073242188
1673574,1.270050048828125,2.0149500370025635,9.544950485229492
1593880,1.5000001192092896,2.640000104904175,9.43695068359375
1514186,1.5169501304626465,2.247000217437744,9.681000709533691
1434492,1.6750500202178955,2.39805006980896,9.520950317382812
1354798,1.828050136566162,2.5990500450134277,9.708000183105469
1275104,1.8709501028060913,3.1690502166748047,9.244950294494629
1195409,1.9000500440597534,3.6700501441955566,9.256950378417969
1115716,1.7920501232147217,3.6220502853393555,9.351000785827637
1036021,0.37995001673698425,2.6550002098083496,9.532950401306152
956327,7.440000534057617,6.079050064086914,11.808000564575195
876633,1.1820000410079956,3.835050106048584,8.307000160217285
796940,-0.5560500025749207,3.724950075149536,7.273950576782227
717245,0.05700000375509262,4.393050193786621,8.67300033569336
637551,0.3660000264644623,5.172000408172607,8.63895034790039
557857,0.8490000367164612,5.337000370025635,8.613000869750977
478163,0.8250000476837158,5.3269500732421875,8.38800048828125
398469,0.6640500426292419,5.308050155639648,8.437950134277344
318775,1.141050100326538,5.275050163269043,8.38800048828125
239081,1.0690500736236572,5.257950305938721,8.256000518798828
159388,0.7309500575065613,5.248050212860107,8.472000122070312
79693,0.8299500346183777,5.245950222015381,8.584050178527832
0,0.9160500168800354,5.305950164794922,8.709000587463379
